rty05065-8193-4ad9-a2a5-d8f9b934f744,fa189763-d900-4fbe-8efe-652a6217d97d
uio8d984-8fbf-491a-8b37-01c5e548bd35,87fc955b-4813-4f35-b686-fcbfa21aa3b8
asdb410c-ab70-4f91-832b-26f2e08c1e15,d4062241-5bae-4858-8127-8b92ecf46c7d
fghd6f8a-3e92-4e2f-a63d-9855b1862592,fb6f4f33-1ff0-4923-93f0-a369506c86fe
jkl694ce-f8c2-45c0-8229-5e55b52dfc63,b66f1b64-7c87-4731-98d1-ab1fc8976e42
zxc4c062-b29c-4756-b978-e09384ea1357,027cbe7b-ccf4-4ef5-a921-04fb87dcbe90
rfg72a8c-0266-4cef-9698-6b13709fa0f1,2a86b566-c3ec-4825-a0f2-81be2ec30a64
whada486-ee80-4757-9c0a-c80bde9b8ccb,a18a1482-5dee-4006-a30a-f3dc7501560f
abhb1127-60a1-4d5c-a9bf-99730514c946,fafef057-6bf3-4f7c-b360-fc909c58850c
yhg8cef1-8f64-4ea1-8753-d6ab484bbaad,5aa8c0d2-997f-487e-b4e4-d912626a8e67
hgf62b25-7b6a-4481-85ce-296192e549d7,0d9f9619-36b0-4909-8de4-ea4bdd98e484
ytfd072e-5b04-4307-8caf-d0e5411fd57d,21ee8f27-1b6e-465d-988e-27818de89261
fhg536aa-cfef-4be6-95a6-6cf70ea8890a,107b206c-39bb-41f4-89dd-2335e1632d11
dsy9ef0c-33be-4ff4-bb59-24e7dc3718ce,df18c7b5-3b27-4be6-8d63-68637b04e2b6
efs6545f-f992-46e3-9466-35bf33870e88,0503b5ad-37ad-4c71-88c7-445735d1bf86
dsffcf84-48a2-409f-b922-38a5ec24a950,08325378-0964-4397-9b78-f91e96672c58
hgff950c-2799-4d59-a16f-2d9f9a8c3f72,a086968b-b37e-41fb-9626-93aab80d018a
ahf819e9-4b9d-467d-b702-6eff19086ae1,12ed0f5e-2bdf-4385-b9eb-367b5d6513c2
ter440ee-573e-49cd-9ef5-a7eb8d6a618f,26f60a94-702c-446a-8f20-6d50a06d557b
hfd56217-a12a-4732-a17f-24a4352cefe4,44ac341c-dd4f-4562-8e15-dc3654c70682
ughdd5fc-ef67-40a7-b909-8b1730b6ebbe,99033b4e-8772-4c26-bfd6-44a85dd7d5aa
rte2b0d9-2547-4be0-8099-9977176c66fe,066d9dac-79df-4d48-940c-114f4a135238
hfffa293-b807-4d60-b815-4b2f43465a64,a6058854-0133-47b8-9caa-ba3bcca6aa36
gfd12f33-f0af-4afd-bc99-1113c8120cd0,a28a28c2-71d3-4242-93a6-a5e11b5054dc
igfe1985-99c1-4047-9468-5bed0f67eb00,70a7197f-eb05-467d-a84a-03b39fb5c836
dgd159eb-5f51-47a9-8665-8aeb0aa2975d,2ba58f03-ae70-4ae2-88d2-309fbc1187fd
hfh16c66-3e62-41ae-8be9-88623d852d7b,9e175122-3a66-47de-afd7-0bdcd5579fe8
yyyfdf99-c588-4ab5-90d6-2a436103d327,3481fa98-f15e-4562-a23f-712cf350029f
dam45732-292d-4387-9fef-d24f284e9178,d93eaef8-ccb9-459b-b28a-03397c489ee0
bgh2a2d9-76db-403d-807f-bec9120b1280,04bd8b8e-f098-4607-9598-d9a42bdb19cb
asfcb31f-424d-4966-88f6-99c639772d1c,0b768d81-1c59-44ed-8b1f-e26925e7ef75
mno2cdd2-7721-45bc-9774-a860a1d06f42,e2b0aa4b-417f-428b-b2d9-60cafaa767cd
yip427d8-6ed5-4fed-8a68-fbc5ded4d4e3,af03c47a-42af-4bb2-8401-d451d407b3a6
peee212b-b67d-42e6-8044-e039a6f17ba7,3848c381-c5b2-499f-87f8-92f7c2f59085
ghi1f268-c6ac-44c8-8300-9d0472b9128d,c3064b64-6ed1-4497-bf38-cf1671491cd4
jkl4b91a-383e-4c0d-b69d-c49e5e8edea0,ef72309a-368e-4f58-877a-4a8faa1f0cbd
ghi83cce-037f-42e3-9f8f-5febd0203389,55b753de-392f-4a01-99a0-c53743d991d6
mno75d91-ba38-4914-9bb2-86c5fedc2395,d61e436a-a83f-4e87-beeb-dddde7ad224d
wtff0521-f00a-43fc-b3c0-852068123c6d,be912b8c-b5f2-4bc2-a503-e55201088f83
matb04d9-d0ca-49a4-93e5-f41eb7772728,af9002eb-7c9e-457a-a922-8588de18e2be
yooc9a5a-1008-42b6-947c-807a2fbc58e8,0c82c7f5-1816-478a-94bd-90ab1f078b11
sand8164-cb2f-41e8-913d-da385a9b47a3,d9fb11c3-ec50-43cf-9898-5d6a7f98aa0e
tas176c1-6f89-4611-8999-60b96e9bf0ae,f5465c57-400f-4112-842e-7a45683f7c3b
youc34dd-89ab-4627-ba41-3186ace5e81a,c8a493fa-d8af-40ac-9196-0f860986437e
c891cce-cc2f-42e3-9f8f-5febd0291283,f1f292c6-7f36-4197-94aa-36f4076ce816
ahg5a06a-e12d-48a1-9a67-8914a2d74d28,9c702044-c8d8-45ca-ac45-3e9c593cb136
tre42b8b-cb74-4467-89ca-f6c9d5007b6a,65037722-1bc0-46c4-8d61-c18d6e034199
uyh222c5-3797-416d-a8e5-6abb48e86aa8,1a614f33-8ff9-4624-a4e9-b9b44867fa58
hjk4406e-8b31-4058-a99c-d214100db4db,472adf57-31c7-47fb-824b-8cf53d7e975c
wvu9e8a4-9719-43cd-a3c8-5df07a3b2fc1,90338fd5-e8a9-4de3-a847-5ba9ebcace4e
tpoc90f3-ab19-47bf-8da9-9c43fba8e852,a04ed2ca-feee-462f-afe0-b00aed571a35
wat87d21-2940-4ef6-b36a-ba01691f1778,d7028530-6c15-429b-9a59-767afeb50e7b
icaffb80-c121-45cc-9e29-d40c2e8fccc1,0ab8b04a-2279-4107-9ffd-730fe1041fa6
gah824a7-30b9-4cf6-89be-bd301b8ef2ba,5d41b515-812f-47e3-b37a-664f7b571b1f
wutbcaad-3c06-4207-a86c-e45d0668ab36,46623a03-0e7e-4368-9213-356fc8e06781
ist46720-86f5-49f6-ba8d-3301e0ca721b,8e5f45d6-fccc-4503-a268-abdabca2be5e
wit7163d-82f5-426b-8ed3-69fd9e7e1485,ec16af7e-3d0b-4ef2-9d1d-ffcb264d64e3
disfb69d-1184-4245-9223-23a83f89091b,fbb965a9-794f-4c96-91b7-28865f230452
kgf22751-7fd2-43da-bbe6-60b9a72bfa73,659e34ec-b9bb-4da3-a03b-51a4d8c68e0c
popbd375-c9c6-404c-91e6-ffb9b46b6e7b,1e9ee5a8-a3af-4148-8343-16e9155d30fb
zyxfd018-a602-4c64-aa6d-473d7cea0232,5ef1a732-06dd-4b97-a8d8-3f78159a2859
asd935d3-c865-4262-af57-9b3f865b7711,92fbb97a-a4ba-4d41-a40d-4a343c2ca017
fgh2cec1-467f-4d7b-8b39-b4c2295943c2,10adf4a2-915e-44bd-8b7d-8555064ca9e4
jkle2f92-debd-4995-90b0-640c02df2b32,e49ae989-a14d-400c-8cbc-4d0762c63169
uioc420b-f743-4418-b195-ad216d2ffd97,93811d59-7de5-4807-9bab-7b870783bc53
zxc5409a-6964-475b-993a-d2f6082b00fb,a5e3194b-9fca-481c-a709-662e41d8f925
vbn065c1-ecd1-4e98-aef8-7655d31d4fb6,fb25fbfe-c331-464f-9cfa-e9bfcf5d1724
rtyb46b8-23c6-462d-88dd-3389e73a7291,d05cde53-e585-4681-9d45-778eb6ca4763
